<server>
   <variable name="odmadmin" value="group:https://login.microsoftonline.com/dc4a3d67-8227-42c5-a7d8-e52a0ef24390/odmAdmins"/>
   <variable name="resadmin" value="group:https://login.microsoftonline.com/dc4a3d67-8227-42c5-a7d8-e52a0ef24390/resAdmins"/>

   <basicRegistry id="basic" realm="basic">
     <user name="resExecutor" password="resExecutor"/>
     <group name="basicResExecutors">
       <member name="resExecutor" />
     </group>
   </basicRegistry>

   <variable name="odm.rtsAdministrators.group1" value="${odmadmin}"/>

   <variable name="odm.rtsInstallers.group1" value="${odmadmin}"/>

   <variable name="odm.rtsConfigManagers.group1" value="${odmadmin}"/>

   <variable name="odm.resAdministrators.group1" value="${odmadmin}"/>
   <variable name="odm.resAdministrators.group2" value="${resadmin}"/>

   <variable name="odm.resDeployers.group1" value="${odmadmin}"/>

   <variable name="odm.resMonitors.group1" value="${odmadmin}"/>

   <variable name="odm.resExecutors.group1" value="${odmadmin}"/>
   <variable name="odm.resExecutors.group2" value="group:basic/basicResExecutors"/>
</server> 
