    <server>
      <!-- Give role rtsAdministrator -->
      <!-- <variable name="odm.rtsAdministrators.group1" value="group:o=defaultWIMFileBasedRealm/cn=oidcRtsAdministratorGroup1,ou=memberlist,ou=ibmgroups,o=ibm.com"/> -->
      <!-- <variable name="odm.rtsAdministrators.group2" value="group:o=defaultWIMFileBasedRealm/cn=oidcRtsAdministratorGroup2,ou=memberlist,ou=ibmgroups,o=ibm.com"/> -->
      <!-- <variable name="odm.rtsAdministrators.group3" value="group:o=defaultWIMFileBasedRealm/cn=oidcRtsAdministratorGroup3,ou=memberlist,ou=ibmgroups,o=ibm.com"/> -->
      <!-- <variable name="odm.rtsAdministrators.user1" value="uid=oidcRtsAdministratorUser1,c=fr,ou=bluepages,o=ibm.com"/> -->
      <!-- <variable name="odm.rtsAdministrators.user2" value="uid=oidcRtsAdministratorUser2,c=fr,ou=bluepages,o=ibm.com"/> -->
      <!-- <variable name="odm.rtsAdministrators.user3" value="uid=oidcRtsAdministratorUser3,c=fr,ou=bluepages,o=ibm.com"/> -->

      <!-- Give role rtsConfigManager -->
      <!-- <variable name="odm.rtsConfigManagers.group1" value="group:o=defaultWIMFileBasedRealm/cn=oidcRtsConfigManagerGroup1,ou=memberlist,ou=ibmgroups,o=ibm.com"/> -->
      <!-- <variable name="odm.rtsConfigManagers.group2" value="group:o=defaultWIMFileBasedRealm/cn=oidcRtsConfigManagerGroup2,ou=memberlist,ou=ibmgroups,o=ibm.com"/> -->
      <!-- <variable name="odm.rtsConfigManagers.group3" value="group:o=defaultWIMFileBasedRealm/cn=oidcRtsConfigManagerGroup3,ou=memberlist,ou=ibmgroups,o=ibm.com"/> -->
      <!-- <variable name="odm.rtsConfigManagers.user1" value="uid=oidcRtsConfigManagerUser1,c=fr,ou=bluepages,o=ibm.com"/> -->
      <!-- <variable name="odm.rtsConfigManagers.user2" value="uid=oidcRtsConfigManagerUser2,c=fr,ou=bluepages,o=ibm.com"/> -->
      <!-- <variable name="odm.rtsConfigManagers.user3" value="uid=oidcRtsConfigManagerUser3,c=fr,ou=bluepages,o=ibm.com"/> -->

      <!-- Give role rtsInstaller -->
      <!-- <variable name="odm.rtsInstallers.group1" value="group:o=defaultWIMFileBasedRealm/cn=oidcRtsInstallerGroup1,ou=memberlist,ou=ibmgroups,o=ibm.com"/> -->
      <!-- <variable name="odm.rtsInstallers.group2" value="group:o=defaultWIMFileBasedRealm/cn=oidcRtsInstallerGroup2,ou=memberlist,ou=ibmgroups,o=ibm.com"/> -->
      <!-- <variable name="odm.rtsInstallers.group3" value="group:o=defaultWIMFileBasedRealm/cn=oidcRtsInstallerGroup3,ou=memberlist,ou=ibmgroups,o=ibm.com"/> -->
      <!-- <variable name="odm.rtsInstallers.user1" value="uid=oidcRtsInstallerUser1,c=fr,ou=bluepages,o=ibm.com"/> -->
      <!-- <variable name="odm.rtsInstallers.user2" value="uid=oidcRtsInstallerUser2,c=fr,ou=bluepages,o=ibm.com"/> -->
      <!-- <variable name="odm.rtsInstallers.user3" value="uid=oidcRtsInstallerUser3,c=fr,ou=bluepages,o=ibm.com"/> -->

      <!-- Give role resAdministrator -->
      <!-- <variable name="odm.resAdministrators.group1" value="group:o=defaultWIMFileBasedRealm/cn=oidcResAdministratorGroup1,ou=memberlist,ou=ibmgroups,o=ibm.com"/> -->
      <!-- <variable name="odm.resAdministrators.group2" value="group:o=defaultWIMFileBasedRealm/cn=oidcResAdministratorGroup2,ou=memberlist,ou=ibmgroups,o=ibm.com"/> -->
      <!-- <variable name="odm.resAdministrators.group3" value="group:o=defaultWIMFileBasedRealm/cn=oidcResAdministratorGroup3,ou=memberlist,ou=ibmgroups,o=ibm.com"/> -->
      <!-- <variable name="odm.resAdministrators.user1" value="uid=oidcResAdministratorUser1,c=fr,ou=bluepages,o=ibm.com"/> -->
      <!-- <variable name="odm.resAdministrators.user2" value="uid=oidcResAdministratorUser2,c=fr,ou=bluepages,o=ibm.com"/> -->
      <!-- <variable name="odm.resAdministrators.user3" value="uid=oidcResAdministratorUser3,c=fr,ou=bluepages,o=ibm.com"/> -->

      <!-- Give role resDeployer -->
      <!-- <variable name="odm.resDeployers.group1" value="group:o=defaultWIMFileBasedRealm/cn=oidcResDeployerGroup1,ou=memberlist,ou=ibmgroups,o=ibm.com"/> -->
      <!-- <variable name="odm.resDeployers.group2" value="group:o=defaultWIMFileBasedRealm/cn=oidcResDeployerGroup2,ou=memberlist,ou=ibmgroups,o=ibm.com"/> -->
      <!-- <variable name="odm.resDeployers.group3" value="group:o=defaultWIMFileBasedRealm/cn=oidcResDeployerGroup3,ou=memberlist,ou=ibmgroups,o=ibm.com"/> -->
      <!-- <variable name="odm.resDeployers.user1" value="uid=oidcResDeployerUser1,c=fr,ou=bluepages,o=ibm.com"/> -->
      <!-- <variable name="odm.resDeployers.user2" value="uid=oidcResDeployerUser2,c=fr,ou=bluepages,o=ibm.com"/> -->
      <!-- <variable name="odm.resDeployers.user3" value="uid=oidcResDeployerUser3,c=fr,ou=bluepages,o=ibm.com"/> -->

      <!-- Give role resMonitor -->
      <!-- <variable name="odm.resMonitors.group1" value="group:o=defaultWIMFileBasedRealm/cn=oidcResMonitorGroup1,ou=memberlist,ou=ibmgroups,o=ibm.com"/> -->
      <!-- <variable name="odm.resMonitors.group2" value="group:o=defaultWIMFileBasedRealm/cn=oidcResMonitorGroup2,ou=memberlist,ou=ibmgroups,o=ibm.com"/> -->
      <!-- <variable name="odm.resMonitors.group3" value="group:o=defaultWIMFileBasedRealm/cn=oidcResMonitorGroup3,ou=memberlist,ou=ibmgroups,o=ibm.com"/> -->
      <!-- <variable name="odm.resMonitors.user1" value="uid=oidcResMonitorUser1,c=fr,ou=bluepages,o=ibm.com"/> -->
      <!-- <variable name="odm.resMonitors.user2" value="uid=oidcResMonitorUser2,c=fr,ou=bluepages,o=ibm.com"/> -->
      <!-- <variable name="odm.resMonitors.user3" value="uid=oidcResMonitorUser3,c=fr,ou=bluepages,o=ibm.com"/> -->

      <!-- Give role resExecutor -->
      <!-- <variable name="odm.resExecutors.group1" value="group:o=defaultWIMFileBasedRealm/cn=oidcResExecutorGroup1,ou=memberlist,ou=ibmgroups,o=ibm.com"/> -->
      <!-- <variable name="odm.resExecutors.group2" value="group:o=defaultWIMFileBasedRealm/cn=oidcResExecutorGroup2,ou=memberlist,ou=ibmgroups,o=ibm.com"/> -->
      <!-- <variable name="odm.resExecutors.group3" value="group:o=defaultWIMFileBasedRealm/cn=oidcResExecutorGroup3,ou=memberlist,ou=ibmgroups,o=ibm.com"/> -->
      <!-- <variable name="odm.resExecutors.user1" value="uid=oidcResExecutorUser1,c=fr,ou=bluepages,o=ibm.com"/> -->
      <!-- <variable name="odm.resExecutors.user2" value="uid=oidcResExecutorUser2,c=fr,ou=bluepages,o=ibm.com"/> -->
      <!-- <variable name="odm.resExecutors.user3" value="uid=oidcResExecutorUser3,c=fr,ou=bluepages,o=ibm.com"/> -->
    </server>
